,Airline,Month_num,Passengers_In,Passengers_Out
0,Solomon Airlines,1,1690,1411
1,Qantas Airways,4,3111,2860
2,Polar Air Cargo,5,0,0
3,Air Mauritius,12,2870,3067
4,Qantas Airways,11,59478,55405
5,Air Mauritius,3,1641,1873
6,Solomon Airlines,4,1512,1302
7,Royal Brunei Airlines,10,7833,5678
8,Beijing Capital Airlines,8,4986,4729
9,Nauru Airlines,10,776,779
10,Virgin Australia,9,12561,12451
11,Fiji Airways,1,26844,22497
12,Eva Air,8,5771,5903
13,Virgin Australia,4,1023,822
14,Qatar Airways,8,58704,64663
15,Indonesia AirAsia,1,15508,12904
16,Qantas Airways,7,6851,5044
17,Thai Airways International,1,37513,35968
18,LATAM Airlines,8,3493,3732
19,Federal Express Corporation,11,0,0
20,Qantas Airways,5,1571,1834
21,Fiji Airways,9,17838,20385
22,British Airways,12,4966,4800
23,Qantas Airways,10,0,0
24,South African Airways,7,6692,5824
25,Air Chathams,10,124,138
26,Qatar Airways,4,44220,61871
27,Fiji Airways,2,14682,14383
28,Emirates,2,7860,4138
29,Air New Zealand,1,1034,900
30,Tianjin Airlines,2,5212,4070
31,Virgin Australia,5,9520,10539
32,Malindo Air,8,10282,10918
33,Air Niugini,10,6578,5925
34,Vietnam Airlines,6,15096,17822
35,Malindo Air,2,2005,2416
36,Emirates,7,6972,6471
37,Virgin Australia,3,382,449
38,Tasman Cargo Airlines,1,0,0
39,Qantas Airways,1,2652,2651
40,United Airlines,10,20013,16362
41,Air India,1,8510,7573
42,Air Mauritius,9,2314,2157
43,Virgin Australia,1,566,611
44,Virgin Australia,6,1676,1884
45,Qantas Airways,6,2019,2023
46,United Parcel Service,4,0,0
47,Qantas Airways,2,9840,9875
48,Polar Air Cargo,8,0,0
49,Qantas Airways,10,16487,14677
50,Virgin Australia,8,1236,1011
51,Thai Airways International,8,36781,36273
52,Emirates,7,9388,5687
53,Qantas Airways,5,10377,13377
54,Qantas Airways,12,2730,2902
55,Qantas Airways,10,7753,6598
56,Etihad Airways,5,31958,51096
57,Jetstar,6,63721,64870
58,Xiamen Airlines,1,10860,9869
59,Jetstar,3,2293,2339
60,Air Niugini,5,5596,5339
61,Air India,5,7963,6119
62,Air New Zealand,12,129484,136723
63,Jetstar,1,14102,13692
64,Air New Zealand,6,813,1035
65,SriLankan Airlines,8,8127,6899
66,Virgin Australia,11,18403,15467
67,Scoot Tigerair,9,28729,28918
68,Federal Express Corporation,12,0,0
69,Air Canada,7,20502,19483
70,Qantas Airways,12,4402,3454
71,Emirates,5,6621,5906
72,Jetstar Asia,2,3657,2794
73,Emirates,1,13702,8539
74,Qantas Airways,8,23667,27469
75,Polar Air Cargo,7,0,0
76,United Airlines,4,19035,21344
77,Hainan Airlines,10,10920,9374
78,Qantas Airways,5,2828,2134
79,British Airways,9,3073,3266
80,Jetstar,3,6452,6580
81,Jetstar Asia,9,3186,3047
82,Jetstar,6,2439,2578
83,Pacific Air Express,11,0,0
84,Jetstar,8,21906,23547
85,Jetstar,4,3732,3509
86,Singapore Airlines,12,1837,1594
87,Qantas Airways,3,5805,5972
88,Polar Air Cargo,4,0,0
89,United Parcel Service,7,0,0
90,China Airlines,1,25827,20116
91,Thai Airways International,9,34112,35862
92,LATAM Airlines,6,5469,5810
93,Jetstar Asia,12,2372,4543
94,Jetstar,5,10598,9251
95,Qantas Airways,6,4370,3968
96,Samoa Airways,11,1688,1587
97,Vietnam Airlines,2,17831,14487
98,Virgin Australia,6,21649,22893
99,Qantas Airways,4,6389,5964
100,Polar Air Cargo,5,0,0
101,Virgin Australia,6,1114,1201
102,Beijing Capital Airlines,12,4306,5791
103,Xiamen Airlines,10,9759,8367
104,Hainan Airlines,1,13380,10477
105,Virgin Australia,9,2329,2461
106,Virgin Australia,3,11445,12970
107,Donghai Airlines,1,720,421
108,Virgin Australia,7,1425,1491
109,Federal Express Corporation,1,0,0
110,Qantas Airways,5,69455,63949
111,China Airlines,4,16561,19048
112,Jetstar,8,70604,68933
113,Tianjin Airlines,3,2909,2074
114,Virgin Australia,4,1176,1195
115,American Airlines,10,7281,6096
116,Qantas Airways,1,2394,2019
117,Qantas Airways,1,72093,65699
118,Jetstar,3,10831,10464
119,Federal Express Corporation,7,0,0
120,Virgin Australia,5,46046,41964
121,Virgin Australia,6,740,1010
122,Silk Air,9,7485,6811
123,Jetstar,9,68433,68101
124,Cathay Pacific Airways,3,73126,75914
125,Samoa Airways,7,1617,1677
126,Jetstar,4,58906,60021
127,Emirates,6,4615,5123
128,Virgin Australia,12,1821,2463
129,Qantas Airways,1,12032,11569
130,Emirates,11,85334,80204
131,American Airlines,2,7466,6507
132,Air China,8,11676,13914
133,Royal Brunei Airlines,4,4823,5750
134,Pacific Air Express,7,0,0
135,Hawaiian Airlines,7,10307,9761
136,Solomon Airlines,9,1720,1869
137,Virgin Australia,2,11275,11170
138,Samoa Airways,8,1806,1742
139,LATAM Airlines,10,4662,4323
140,Qatar Airways,7,65387,57800
141,Cebu Pacific Air,11,9493,9832
142,Qantas Airways,4,27973,29096
143,All Nippon Airways,11,10294,10175
144,All Nippon Airways,1,6548,6222
145,Qantas Airways,5,5804,6189
146,Polar Air Cargo,5,0,0
147,Jetstar Asia,5,3944,3585
148,Batik Air Indonesia,10,4954,4032
149,Jetstar,1,24574,21671
150,Xiamen Airlines,12,9427,11512
151,Virgin Australia,11,660,587
152,Xiamen Airlines,11,9071,9041
153,Qantas Airways,2,5885,5244
154,Japan Airlines,7,10831,8475
155,Vietnam Airlines,1,18338,18351
156,Tasman Cargo Airlines,9,0,0
157,Hawaiian Airlines,12,9060,11076
158,Federal Express Corporation,9,0,0
159,Qantas Airways,3,45600,42019
160,Xiamen Airlines,9,8859,9187
161,Qantas Airways,6,5170,5049
162,Batik Air Indonesia,9,4209,4327
163,Air India,9,7630,7475
164,AirAsia X,5,46475,38083
165,Polar Air Cargo,4,0,0
166,Jetstar,8,12059,11503
167,Mandarin Airlines,9,1899,2019
168,Jetstar,12,7199,8750
169,China Airlines,9,4803,5268
170,Virgin Australia,5,483,699
171,Fiji Airways,5,20347,20470
172,Air Caledonie International,6,4001,5143
173,Virgin Australia,9,1012,1164
174,Emirates,5,0,0
175,Singapore Airlines,11,1975,1082
176,Scoot Tigerair,7,32257,28619
177,Qatar Airways,5,40025,64307
178,Polar Air Cargo,6,0,0
179,LATAM Airlines,6,2657,2822
180,Jetstar,3,21465,21670
181,South African Airways,3,5345,5754
182,Pacific Air Express,9,0,0
183,Jetstar,10,35737,35582
184,South African Airways,12,5809,7193
185,Air New Zealand,6,97852,101292
186,AirAsia X,6,34656,45329
187,Air Caledonie International,11,5233,5542
188,Air India,6,8144,7827
189,Malindo Air,4,8199,7952
190,Virgin Australia,1,15076,11214
191,China Eastern Airlines,11,37204,41974
192,Malaysia Airlines,9,48006,48091
193,Qantas Airways,12,7398,7211
194,British Airways,8,2735,3707
195,Air China,12,18332,23232
196,Virgin Australia,2,874,594
197,China Southern Airlines,8,46541,46636
198,Jetstar,9,8202,7659
199,Cebu Pacific Air,4,13156,11624
200,Solomon Airlines,12,1755,1830
201,Qantas Airways,11,4492,3920
202,Virgin Australia,3,691,720
203,Solomon Airlines,5,1618,1508
204,Jetstar Asia,10,3401,2612
205,Air Mauritius,2,2010,1417
206,Jetstar,2,12326,11118
207,Qantas Airways,9,58726,61388
208,Malindo Air,6,6849,8439
209,Jetstar,6,8944,11050
210,Qantas Airways,10,3363,2908
211,Air Niugini,11,5917,6231
212,Garuda Indonesia,6,23945,32531
213,Emirates,3,6772,6352
214,British Airways,9,4080,3688
215,Air Canada,5,13557,18280
216,Scoot Tigerair,4,25097,26513
217,AirAsia X,9,39068,42165
218,Malaysia Airlines,11,47545,47438
219,Qantas Airways,5,4169,4082
220,United Airlines,3,21740,25574
221,American Airlines,8,7286,7762
222,Air Mauritius,5,2040,2088
223,Polar Air Cargo,2,0,0
224,Virgin Australia,3,1248,1189
225,LATAM Airlines,2,3204,3407
226,Royal Brunei Airlines,1,6696,6373
227,Air China,9,9657,13977
228,Air India,2,7863,6094
229,Etihad Airways,9,51182,48843
230,Philippine Airlines,1,17290,16883
231,Qantas Airways,2,11059,9586
232,British Airways,3,3509,4811
233,Emirates,5,5104,3901
234,Xiamen Airlines,5,7969,8160
235,Virgin Australia,10,59026,61373
236,Xiamen Airlines,2,10128,8240
237,Qantas Airways,7,3139,2944
238,Emirates,10,8936,4736
239,SriLankan Airlines,7,8283,6476
240,Qantas Airways,3,6345,5408
241,Tasman Cargo Airlines,2,0,0
242,Xiamen Airlines,6,8653,9072
243,British Airways,3,2612,3110
244,Polar Air Cargo,9,0,0
245,Cebu Pacific Air,1,16158,13545
246,China Southern Airlines,7,46644,42786
247,Qantas Airways,12,7243,7619
248,Singapore Airlines,3,2574,1762
249,Polar Air Cargo,12,0,0
250,Batik Air Indonesia,6,3357,4140
251,Beijing Capital Airlines,6,3211,3685
252,Virgin Australia,11,12472,11645
253,Silk Air,12,6038,9621
254,Fiji Airways,7,24859,23038
255,Qantas Airways,6,0,0
256,British Airways,6,2506,3983
257,Malindo Air,11,10086,9912
258,SriLankan Airlines,2,7476,5457
259,Garuda Indonesia,8,25759,26672
260,Fiji Airways,6,19771,23622
261,Air Niugini,9,6453,7203
262,Emirates,2,7646,8092
263,Qantas Airways,2,5167,4820
264,Air Vanuatu,12,5378,7529
265,Federal Express Corporation,4,0,0
266,Donghai Airlines,7,548,251
267,Jetstar,10,12894,10690
268,Air Caledonie International,9,4377,4832
269,Qantas Airways,4,6486,5988
270,China Southern Airlines,10,46531,45043
271,Singapore Airlines,10,162332,140385
272,Silk Air,11,6348,6792
273,Sichuan Airlines,7,6123,4239
274,Malindo Air,5,6624,7488
275,Air New Zealand,4,123897,115415
276,Malindo Air,4,5794,7433
277,Delta Air Lines,1,8428,7372
278,Qantas Airways,6,10710,11830
279,Cathay Pacific Airways,7,80868,72970
280,Air Caledonie International,2,3889,6148
281,Jetstar Asia,1,3639,3309
282,Qantas Airways,3,5685,5576
283,Qantas Airways,10,6350,5783
284,Qantas Airways,9,4403,4451
285,United Parcel Service,6,0,0
286,Emirates,4,76056,104663
287,Indonesia AirAsia,4,13873,14223
288,Vietnam Airlines,9,14769,15846
289,Virgin Australia,1,2415,1846
290,Silk Air,3,3765,4090
291,Jetstar,4,19325,17613
292,Qantas Airways,8,2690,2539
293,Emirates,8,9551,8608
294,Polar Air Cargo,11,0,0
295,Federal Express Corporation,12,0,0
296,China Southern Airlines,3,53269,49943
297,Emirates,12,0,0
298,Hainan Airlines,8,10875,13126
299,Virgin Australia,6,41436,45874
300,Asiana Airlines,12,10962,13820
301,China Southern Airlines,11,52067,53318
302,Qantas Airways,6,16067,16524
303,Air Niugini,3,6407,6053
304,Air Chathams,12,169,144
305,American Airlines,4,7685,8075
306,Japan Airlines,3,8517,9728
307,Singapore Airlines,2,2229,1738
308,Sichuan Airlines,9,3864,4526
309,Australian Airlines,2,2019,1913
310,Garuda Indonesia,11,21756,21507
311,Pacific Air Express,6,0,0
312,Sichuan Airlines,8,4536,4647
313,Jetstar,5,2618,2321
314,Qantas Airways,12,13939,16150
315,Japan Airlines,2,9699,8962
316,United Parcel Service,7,0,0
317,Garuda Indonesia,1,36343,27185
318,Emirates,9,115123,109945
319,Polar Air Cargo,12,0,0
320,Qantas Airways,1,7521,6736
321,Donghai Airlines,5,215,179
322,Royal Brunei Airlines,6,3503,6871
323,United Parcel Service,5,0,0
324,China Airlines,11,4716,5213
325,Korean Air,2,17162,14635
326,Hawaiian Airlines,3,7233,8891
327,Pacific Air Express,2,0,0
328,Qantas Airways,12,11069,11824
329,Tianjin Airlines,9,1551,1963
330,China Airlines,11,14836,17974
331,Air New Zealand,11,1204,1369
332,Qantas Airways,10,26198,23164
333,Qantas Airways,6,57627,63007
334,LATAM Airlines,11,2305,2621
335,Jetstar,10,8344,7262
336,American Airlines,6,8156,7865
337,Air Canada,11,14694,14857
338,Qantas Airways,4,14382,15593
339,Indonesia AirAsia,6,13677,14528
340,Virgin Australia,1,14159,10755
341,Virgin Australia,5,1020,1132
342,Qantas Airways,2,5267,5127
343,United Airlines,12,27205,31293
344,LATAM Airlines,1,4245,3813
345,Tianjin Airlines,12,3596,5183
346,Qantas Airways,6,59449,63337
347,Tasman Cargo Airlines,4,0,0
348,Scoot Tigerair,6,22114,27368
349,Batik Air Indonesia,3,1617,1551
350,Nauru Airlines,2,812,461
351,Qantas Airways,2,2221,2598
352,Hainan Airlines,12,6257,10791
353,Beijing Capital Airlines,4,3172,3203
354,Samoa Airways,4,1173,1170
355,Emirates,9,5190,6607
356,Scoot Tigerair,12,41460,55202
357,SriLankan Airlines,5,7543,5963
358,Air Canada,1,20122,16999
359,Air New Zealand,3,845,1135
360,Qantas Airways,12,0,0
361,Jetstar,2,6547,5480
362,Pacific Air Express,10,0,0
363,Polar Air Cargo,10,0,0
364,LATAM Airlines,5,6503,5632
365,Indonesia AirAsia,5,14199,13631
366,Jetstar,1,41995,42494
367,Tasman Cargo Airlines,11,0,0
368,Jetstar,12,40727,44088
369,Batik Air Indonesia,8,4490,4161
370,Pacific Air Express,1,0,0
371,Jetstar,7,11862,11285
372,Silk Air,1,7153,5810
373,Qantas Airways,4,11060,11342
374,Air Niugini,8,6107,6078
375,Xiamen Airlines,8,10019,9099
376,Qantas Airways,3,30030,30506
377,Cebu Pacific Air,6,10837,12105
378,Hainan Airlines,2,11601,9798
379,British Airways,5,2729,3079
380,Qantas Airways,8,3644,3198
381,Qantas Airways,9,22196,24632
382,Scoot Tigerair,2,30897,22651
383,Philippine Airlines,10,15512,13525
384,Qantas Airways,2,55458,45845
385,Emirates,2,0,0
386,Jetstar,6,2800,3039
387,Qantas Airways,11,15264,14557
388,Eva Air,12,7407,9981
389,Federal Express Corporation,9,0,0
390,Jetstar,8,8619,7861
391,Samoa Airways,2,1098,776
392,Donghai Airlines,8,296,323
393,Virgin Australia,2,464,465
394,United Parcel Service,3,0,0
395,Qantas Airways,9,7181,6163
396,Emirates,3,0,0
397,Air Canada,2,18173,14098
398,Emirates,10,0,0
399,Japan Airlines,4,7751,8241
400,Air China,1,28053,24187
401,AirAsia X,1,58970,49530
402,Polar Air Cargo,1,0,0
403,Polar Air Cargo,9,0,0
404,Jetstar,4,7379,7470
405,Indonesia AirAsia,10,15342,14150
406,Jetstar,5,10392,11075
407,Qantas Airways,10,60117,54864
408,Qantas Airways,10,29221,26108
409,Polar Air Cargo,11,0,0
410,United Airlines,9,18082,18999
411,Beijing Capital Airlines,3,4103,3913
412,Korean Air,3,12798,15575
413,Qantas Airways,4,45453,45556
414,Virgin Australia,5,1814,1885
415,Tianjin Airlines,6,1118,1408
416,China Airlines,1,7011,5608
417,Vietnam Airlines,11,13996,14850
418,Virgin Australia,4,1682,1942
419,Qantas Airways,4,54614,64395
420,Qantas Airways,6,3958,4508
421,United Parcel Service,4,0,0
422,Virgin Australia,4,13387,13305
423,United Parcel Service,8,0,0
424,Pacific Air Express,12,0,0
425,United Parcel Service,12,0,0
426,Qantas Airways,2,5935,5691
427,South African Airways,1,6901,6297
428,British Airways,1,3392,2320
429,Air Vanuatu,1,6436,5100
430,All Nippon Airways,2,6101,5163
431,Singapore Airlines,9,1791,1229
432,Air Chathams,11,166,137
433,Air Niugini,4,6540,6949
434,Singapore Airlines,1,165330,143383
435,Virgin Australia,8,518,577
436,SriLankan Airlines,4,7719,7043
437,Singapore Airlines,6,1809,1287
438,Federal Express Corporation,5,0,0
439,Air India,3,7270,6841
440,Air New Zealand,5,106655,98583
441,Qantas Airways,11,2809,2469
442,United Parcel Service,10,0,0
443,Delta Air Lines,11,8174,7134
444,Japan Airlines,8,10195,10871
445,Asiana Airlines,4,7089,7127
446,Virgin Australia,4,20317,24690
447,Cathay Pacific Airways,12,80575,100445
448,Malaysia Airlines,4,45820,45312
449,Polar Air Cargo,7,0,0
450,Indonesia AirAsia,7,15344,14787
451,Qantas Airways,1,11862,10150
452,Etihad Airways,11,37582,38975
453,Thai Airways International,5,29246,33209
454,Qantas Airways,3,57,106
455,China Southern Airlines,2,78942,68859
456,Air Caledonie International,10,5962,5901
457,LATAM Airlines,12,6044,5755
458,Federal Express Corporation,3,0,0
459,Qantas Airways,11,5566,5300
460,Qantas Airways,4,0,0
461,Federal Express Corporation,11,0,0
462,Air Caledonie International,3,3957,4409
463,Solomon Airlines,2,1142,1141
464,Qantas Airways,8,58497,63099
465,Nauru Airlines,11,557,610
466,Jetstar,11,8028,7177
467,Vietnam Airlines,4,17103,17731
468,Air Tahiti Nui,7,2019,1692
469,Qantas Airways,10,79964,83732
470,Qantas Airways,9,7069,6991
471,Jetstar,6,26533,28915
472,Air New Zealand,9,945,1103
473,China Eastern Airlines,12,39130,50172
474,Air Vanuatu,2,2899,3119
475,Nauru Airlines,5,764,552
476,Virgin Australia,4,11416,12910
477,Qantas Airways,10,2417,2019
478,Virgin Australia,5,13685,15138
479,Hawaiian Airlines,9,9534,11333
480,Jetstar,11,2757,2522
481,Qantas Airways,9,5879,5517
482,United Parcel Service,1,0,0
483,United Parcel Service,10,0,0
484,Polar Air Cargo,11,0,0
485,Jetstar Asia,4,3735,3536
486,United Airlines,11,22971,21004
487,United Parcel Service,12,0,0
488,Qatar Airways,1,63705,52813
489,Singapore Airlines,12,141757,171339
490,Qantas Airways,7,51071,46153
491,Thai AirAsia X,8,2952,2378
492,Qantas Airways,11,10657,10577
493,Tasman Cargo Airlines,6,0,0
494,Delta Air Lines,3,8289,8246
495,United Parcel Service,7,0,0
496,Qantas Airways,1,90201,85233
497,Cathay Pacific Airways,4,83936,87968
498,Qantas Airways,3,28500,28065
499,Hainan Airlines,4,10927,12254
500,Qantas Airways,6,44308,47750
501,Indonesia AirAsia,3,12554,12401
502,Silk Air,8,7472,9126
503,Jetstar,6,7233,8183
504,Jetstar,7,20742,13872
505,South African Airways,4,6403,6797
506,Jetstar,6,14196,13301
507,Emirates,12,114054,124665
508,Samoa Airways,12,1831,2231
509,China Airlines,6,16566,19978
510,Singapore Airlines,8,2108,1291
511,American Airlines,7,8449,7964
512,Emirates,3,79395,99977
513,Virgin Australia,2,18730,14965
514,Jetstar Asia,8,3530,3161
515,Singapore Airlines,11,143843,145384
516,British Airways,4,2873,2799
517,British Airways,12,2523,3803
518,Samoa Airways,1,2257,1334
519,Qantas Airways,12,60297,65226
520,Virgin Australia,12,1866,2362
521,Tianjin Airlines,7,1926,1217
522,Qantas Airways,5,6080,5223
523,Japan Airlines,11,10782,11081
524,Qantas Airways,8,8055,6523
525,Emirates,6,7149,9231
526,China Airlines,12,5009,6269
527,Emirates,3,9075,9556
528,All Nippon Airways,8,5768,6136
529,United Airlines,8,18973,20698
530,Pacific Air Express,6,0,0
531,Fiji Airways,4,20873,23540
532,Air Chathams,9,90,87
533,Nauru Airlines,4,715,799
534,Indonesia AirAsia,11,13880,12864
535,Virgin Australia,2,13308,11130
536,Cathay Pacific Airways,1,95907,75295
537,Silk Air,7,8892,7782
538,Qantas Airways,7,31106,21371
539,Asiana Airlines,5,7121,7227
540,Emirates,3,6298,4583
541,Etihad Airways,8,48200,53814
542,Virgin Australia,10,23821,20106
543,Virgin Australia,1,15571,11641
544,Virgin Australia,12,507,580
545,United Parcel Service,11,0,0
546,Qantas Airways,3,11097,10988
547,AirAsia X,1,6367,4666
548,Xiamen Airlines,4,9689,9692
549,China Southern Airlines,4,54390,55228
550,Hainan Airlines,5,9082,9350
551,LATAM Airlines,10,3183,3113
552,SriLankan Airlines,3,7989,6227
553,Qantas Airways,3,54687,60194
554,British Airways,11,3377,3298
555,Federal Express Corporation,2,0,0
556,Cathay Pacific Airways,2,84913,71819
557,Air China,3,20223,18759
558,British Airways,10,5099,3821
559,Qantas Airways,8,4489,4170
560,Etihad Airways,4,38250,48128
561,Emirates,4,0,0
562,Qantas Airways,7,0,0
563,Beijing Capital Airlines,9,4325,4848
564,Tianjin Airlines,5,1352,1135
565,Federal Express Corporation,4,0,0
566,Qantas Airways,6,2049,2637
567,Virgin Australia,9,7391,7522
568,Korean Air,12,16894,18520
569,Sichuan Airlines,2,5449,4220
570,Asiana Airlines,6,8204,8209
571,American Airlines,1,8648,7160
572,Tasman Cargo Airlines,10,0,0
573,Beijing Capital Airlines,2,4734,4361
574,Silk Air,4,4881,5581
575,Air New Zealand,2,702,715
576,Air Canada,8,18096,19464
577,China Eastern Airlines,10,38057,35441
578,Asiana Airlines,11,11033,10029
579,Qantas Airways,4,1751,1987
580,Virgin Australia,9,1156,1248
581,Qantas Airways,3,78561,74917
582,China Airlines,4,5367,5008
583,Sichuan Airlines,11,4216,5085
584,Sichuan Airlines,4,5214,5694
585,Thai Airways International,12,35859,43757
586,Federal Express Corporation,5,0,0
587,Japan Airlines,5,8473,10236
588,Virgin Australia,4,60809,54959
589,Air China,2,27454,22903
590,Jetstar,9,12178,12596
591,Qantas Airways,1,7786,7467
592,United Parcel Service,9,0,0
593,Polar Air Cargo,10,0,0
594,Philippine Airlines,2,12429,9939
595,Virgin Australia,11,12791,12193
596,Qantas Airways,1,55384,49433
597,Qantas Airways,9,2350,2424
598,Garuda Indonesia,12,22271,30714
599,Etihad Airways,3,27312,36637
600,Jetstar,3,8080,6725
601,Eva Air,9,4448,4620
602,Emirates,11,8719,6682
603,United Parcel Service,1,0,0
604,Qantas Airways,3,2698,2625
605,Qantas Airways,12,7844,7721
606,Air Canada,6,16202,18943
607,Federal Express Corporation,7,0,0
608,Beijing Capital Airlines,11,3734,4342
609,Air Canada,3,16966,18414
610,Tianjin Airlines,11,3032,3859
611,Philippine Airlines,12,12217,20595
612,Virgin Australia,4,2019,2144
613,Polar Air Cargo,2,0,0
614,Polar Air Cargo,10,0,0
615,Japan Airlines,6,8696,10105
616,Nauru Airlines,1,664,771
617,Sichuan Airlines,10,5151,4510
618,Malindo Air,1,4712,3662
619,Tianjin Airlines,10,2034,1239
620,Silk Air,2,4632,3762
621,Air Caledonie International,1,8291,7336
622,Air Canada,10,17104,11799
623,South African Airways,2,5007,4018
624,Vietnam Airlines,12,16236,18911
625,Eva Air,1,6514,5596
626,Virgin Australia,1,64424,57170
627,Royal Brunei Airlines,5,3587,4583
628,China Eastern Airlines,2,47541,40275
629,Korean Air,1,19782,15510
630,Thai Airways International,11,35357,40097
631,Batik Air Indonesia,12,2327,4140
632,China Southern Airlines,6,41960,45516
633,Silk Air,5,4794,5550
634,South African Airways,5,5406,5655
635,Virgin Australia,12,11163,12474
636,Cebu Pacific Air,12,11023,13350
637,Virgin Australia,9,19138,19244
638,Air India,8,8453,7521
639,South African Airways,6,4951,5709
640,Qantas Airways,7,12355,9770
641,Virgin Australia,11,1184,1043
642,Emirates,9,0,0
643,Qantas Airways,1,3732,3425
644,Qantas Airways,5,11462,11589
645,Qantas Airways,9,0,0
646,SriLankan Airlines,1,8550,7431
647,Jetstar,4,11553,11874
648,AirAsia X,2,50149,32857
649,Qantas Airways,3,9852,11858
650,Jetstar Asia,3,3364,2960
651,Fiji Airways,3,16997,18031
652,Virgin Australia,10,1815,1599
653,Virgin Australia,3,1092,1069
654,Polar Air Cargo,8,0,0
655,Hainan Airlines,9,7994,9760
656,Delta Air Lines,10,8270,6677
657,Virgin Australia,7,551,736
658,Malaysia Airlines,6,39370,49268
659,China Airlines,9,15949,19932
660,Vietnam Airlines,7,20295,18835
661,Air Vanuatu,11,5930,5491
662,Donghai Airlines,2,630,489
663,Hawaiian Airlines,10,11855,10974
664,Philippine Airlines,3,11904,10922
665,Emirates,9,8246,7208
666,Emirates,5,8219,6551
667,Virgin Australia,3,19387,20691
668,Vietnam Airlines,10,16588,13498
669,Jetstar,5,27676,26503
670,Solomon Airlines,10,1913,1640
671,Virgin Australia,8,21074,23312
672,Qantas Airways,11,10816,10512
673,Jetstar,2,1821,1350
674,Hainan Airlines,7,13704,9286
675,Virgin Australia,7,15910,13588
676,Air New Zealand,11,119682,123412
677,Polar Air Cargo,2,0,0
678,Thai AirAsia X,12,2932,4096
679,Sichuan Airlines,6,3408,5473
680,Polar Air Cargo,11,0,0
681,Gulf Air,4,2483,2019
682,Virgin Australia,5,1130,1059
683,Qantas Airways,12,83873,93478
684,Polar Air Cargo,2,0,0
685,Qantas Airways,5,25280,26368
686,Air Canada,12,16792,20523
687,British Airways,4,2983,5532
688,Qantas Airways,7,73898,79875
689,Korean Air,7,12117,9860
690,United Parcel Service,2,0,0
691,Cathay Pacific Airways,6,69626,83729
692,Air Caledonie International,8,5575,5017
693,Philippine Airlines,4,14960,16059
694,Delta Air Lines,5,8471,7377
695,China Airlines,7,5279,5371
696,Virgin Australia,10,668,695
697,Jetstar,12,556,1208
698,China Airlines,7,22687,19497
699,Emirates,8,4769,4915
700,Qantas Airways,11,7277,6871
701,Cathay Pacific Airways,5,71332,78268
702,Qantas Airways,12,29003,33482
703,Qantas Airways,10,2019,581
704,Air Caledonie International,12,6944,5827
705,British Airways,8,3337,2852
706,Qantas Airways,12,9429,12789
707,Sichuan Airlines,12,4121,7048
708,Singapore Airlines,7,2083,976
709,Batik Air Indonesia,1,6329,3515
710,Qantas Airways,6,24810,29200
711,Jetstar,10,3915,3447
712,Air Vanuatu,5,4442,3954
713,Donghai Airlines,12,190,458
714,Air Canada,4,13149,18147
715,Tasman Cargo Airlines,8,0,0
716,Virgin Australia,10,2361,2098
717,Emirates,1,8129,5911
718,Qantas Airways,8,69007,73884
719,Malaysia Airlines,1,52255,44582
720,Qatar Airways,12,53521,59850
721,Jetstar,8,9851,10328
722,Air Vanuatu,4,5181,5102
723,Air Vanuatu,6,4932,6009
724,South African Airways,8,5829,5661
725,Jetstar,11,12043,11829
726,Air Canada,9,18211,15858
727,Pacific Air Express,9,0,0
728,Nauru Airlines,8,442,323
729,Federal Express Corporation,4,0,0
730,Air Mauritius,1,3535,3098
731,Etihad Airways,1,56934,42852
732,Korean Air,9,10626,10819
733,Qantas Airways,10,11971,11146
734,Qantas Airways,7,2530,2148
735,Emirates,4,0,0
736,Silk Air,6,5560,7107
737,China Eastern Airlines,9,30961,34001
738,South African Airways,9,6301,6654
739,Air New Zealand,12,716,1134
740,Federal Express Corporation,9,0,0
741,Royal Brunei Airlines,2,5588,4645
742,Batik Air Indonesia,11,3163,2449
743,Cebu Pacific Air,10,13064,10243
744,Malindo Air,2,11004,5671
745,Garuda Indonesia,9,26064,27775
746,Jetstar,12,8281,7656
747,Polar Air Cargo,1,0,0
748,Qantas Airways,7,8244,7976
749,LATAM Airlines,2,6711,6097
750,China Airlines,3,4719,5032
751,LATAM Airlines,11,6360,5739
752,Singapore Airlines,9,148278,145450
753,Asiana Airlines,2,10623,11663
754,Garuda Indonesia,7,32757,31372
755,Etihad Airways,6,39179,53202
756,Qantas Airways,11,3254,3081
757,China Airlines,6,3749,4228
758,Malaysia Airlines,5,45669,38056
759,Singapore Airlines,8,149247,147295
760,Qantas Airways,11,29294,29347
761,China Airlines,2,2761,3019
762,Thai AirAsia X,9,2430,2564
763,Garuda Indonesia,2,23195,16279
764,Qatar Airways,11,46588,46247
765,Beijing Capital Airlines,10,4882,3801
766,Jetstar,10,70398,66038
767,Cebu Pacific Air,8,11001,9019
768,Federal Express Corporation,1,0,0
769,Qantas Airways,4,5528,5423
770,Air China,11,16089,20320
771,United Parcel Service,4,0,0
772,Thai Airways International,7,39001,37145
773,Delta Air Lines,2,7590,6424
774,Qantas Airways,8,7438,6963
775,Qantas Airways,11,44871,42375
776,Delta Air Lines,4,7612,8135
777,Air India,10,8121,7491
778,Qantas Airways,5,0,0
779,United Parcel Service,1,0,0
780,Delta Air Lines,9,8002,7733
781,Air New Zealand,10,1025,1096
782,Air New Zealand,5,999,1229
783,United Parcel Service,8,0,0
784,British Airways,7,3209,2910
785,Jetstar,11,2398,2408
786,United Parcel Service,10,0,0
787,Air New Zealand,7,847,1064
788,United Parcel Service,9,0,0
789,Qantas Airways,8,5758,4514
790,China Airlines,3,12770,15118
791,Thai AirAsia X,7,5233,3357
792,Air India,11,7051,7790
793,Pacific Air Express,4,0,0
794,Emirates,7,129580,99392
795,Eva Air,8,1683,2019
796,Fiji Airways,10,23534,21793
797,Etihad Airways,10,54175,33853
798,Aerolineas Argentinas,11,1565,2019
799,China Airlines,10,5510,5362
800,Virgin Australia,3,10498,10723
801,Qantas Airways,12,2684,2960
802,Citilink Indonesia,11,1043,1248
803,SriLankan Airlines,9,7776,7307
804,Thai AirAsia X,10,3345,2581
805,China Airlines,2,17497,14104
806,Singapore Airlines,3,134250,132185
807,South African Airways,10,6696,4996
808,Scoot Tigerair,3,27068,24459
809,Malaysia Airlines,12,45079,60666
810,Emirates,12,10407,15467
811,United Parcel Service,12,0,0
812,Citilink Indonesia,12,2142,4226
813,American Airlines,12,7480,7592
814,Emirates,6,228,82
815,Air China,5,11015,14577
816,LATAM Airlines,12,2170,2459
817,China Airlines,8,4320,4837
818,Qantas Airways,2,29738,26832
819,Polar Air Cargo,3,0,0
820,Donghai Airlines,10,309,337
821,American Airlines,5,8482,7776
822,Qatar Airways,10,58766,40604
823,Qantas Airways,5,61168,61930
824,Garuda Indonesia,3,18627,19480
825,Sichuan Airlines,3,4392,3990
826,Jetstar,8,32099,32591
827,Qantas Airways,2,0,0
828,Qantas Airways,9,2013,2019
829,Virgin Australia,8,16048,15117
830,Eva Air,6,2840,3191
831,Solomon Airlines,3,1628,1409
832,Emirates,1,10354,10224
833,Delta Air Lines,12,8208,7613
834,Polar Air Cargo,2,0,0
835,Qantas Airways,5,4321,3966
836,United Parcel Service,11,0,0
837,Jetstar,7,9452,8400
838,Hawaiian Airlines,6,7637,9541
839,Federal Express Corporation,1,0,0
840,Nauru Airlines,6,172,549
841,Tasman Cargo Airlines,7,0,0
842,Emirates,6,0,0
843,Qantas Airways,1,7632,6896
844,Qantas Airways,2,11393,9533
845,Malindo Air,11,8100,7839
846,All Nippon Airways,7,6090,4860
847,Air Niugini,12,7333,7161
848,Tianjin Airlines,4,1419,1351
849,United Parcel Service,5,0,0
850,Virgin Australia,1,2910,2170
851,Qantas Airways,2,29651,25136
852,Qantas Airways,8,12467,13310
853,AirAsia X,2,632,475
854,Jetstar,8,3615,3155
855,Jetstar,10,14147,12737
856,British Airways,10,3570,2369
857,Air New Zealand,4,894,1008
858,United Parcel Service,12,0,0
859,Federal Express Corporation,10,0,0
860,Solomon Airlines,6,1621,1609
861,Virgin Australia,7,2340,2383
862,Emirates,7,0,0
863,China Airlines,10,18235,17417
864,Hainan Airlines,11,6033,8537
865,Air Niugini,7,6832,6941
866,United Parcel Service,3,0,0
867,Jetstar,1,66369,59700
868,Qantas Airways,6,12114,13578
869,Japan Airlines,12,9414,11635
870,Scoot Tigerair,1,36117,29692
871,Jetstar,12,11600,13360
872,AirAsia X,11,37283,38393
873,Jetstar,12,2782,3011
874,Virgin Australia,9,15709,14799
875,Vietnam Airlines,5,15309,14241
876,Emirates,10,0,0
877,American Airlines,3,7717,7996
878,Qantas Airways,6,7066,6942
879,Polar Air Cargo,1,0,0
880,Thai Airways International,2,34170,30799
881,Eva Air,7,2337,1137
882,Emirates,4,6606,5692
883,Polar Air Cargo,1,0,0
884,Qantas Airways,11,5931,5541
885,LATAM Airlines,4,6947,6133
886,Singapore Airlines,2,143536,115329
887,SriLankan Airlines,12,7667,8701
888,Qantas Airways,8,16979,15183
889,Qantas Airways,8,49480,45164
890,Malindo Air,3,7311,5428
891,Air China,6,10001,14746
892,LATAM Airlines,7,3593,4059
893,Qantas Airways,4,6736,6951
894,Scoot Tigerair,8,26502,25240
895,Korean Air,8,11095,11998
896,LATAM Airlines,5,2445,2720
897,Hawaiian Airlines,1,11585,9975
898,Emirates,10,9023,8671
899,Federal Express Corporation,5,0,0
900,LATAM Airlines,7,7016,5849
901,China Eastern Airlines,6,29729,33752
902,Cebu Pacific Air,3,10867,9383
903,United Parcel Service,10,0,0
904,Air China,7,11095,12879
905,British Airways,1,5478,5256
906,All Nippon Airways,9,8381,11251
907,Qantas Airways,11,22667,23216
908,Virgin Australia,7,1095,1164
909,Virgin Australia,3,8580,9248
910,Pacific Air Express,3,0,0
911,Emirates,6,93533,119278
912,Federal Express Corporation,8,0,0
913,South African Airways,11,4431,4712
914,Federal Express Corporation,10,0,0
915,Qantas Airways,11,74670,79846
916,Air Mauritius,6,1680,2100
917,Royal Brunei Airlines,7,7669,6250
918,Beijing Capital Airlines,5,2899,2712
919,Qantas Airways,9,66313,73039
920,Air Caledonie International,5,3996,3786
921,Samoa Airways,6,1336,1671
922,Royal Brunei Airlines,12,6494,8725
923,Air New Zealand,10,122048,123354
924,Eva Air,2,4605,4181
925,Malaysia Airlines,6,0,0
926,United Parcel Service,1,0,0
927,Hawaiian Airlines,5,10546,10385
928,Emirates,8,0,0
929,Federal Express Corporation,6,0,0
930,Philippine Airlines,11,13379,15107
931,Thai Airways International,10,38420,36259
932,Malindo Air,1,13158,8326
933,Federal Express Corporation,3,0,0
934,Malaysia Airlines,10,53012,44081
935,Jetstar,1,4271,3559
936,Virgin Australia,5,21920,20892
937,British Airways,5,3132,4979
938,Virgin Australia,11,1080,1213
939,Virgin Australia,10,16314,14034
940,Indonesia AirAsia,8,14684,13965
941,Jetstar,9,33802,34733
942,Asiana Airlines,3,11450,13101
943,Jetstar,3,1812,1810
944,Qantas Airways,10,12345,10980
945,United Parcel Service,2,0,0
946,Delta Air Lines,7,8549,7757
947,Qantas Airways,2,67469,68744
948,Qantas Airways,11,6331,5805
949,Jetstar,2,7658,6764
950,Malindo Air,12,6900,11512
951,Korean Air,6,11050,11534
952,Virgin Australia,12,1217,1103
953,Jetstar,8,1318,1487
954,Malindo Air,7,7854,8851
955,Tasman Cargo Airlines,5,0,0
956,Virgin Australia,7,2720,2567
957,Virgin Australia,6,516,721
958,Virgin Australia,6,2015,2246
959,Jetstar,9,16471,17810
960,Sichuan Airlines,5,3727,4551
961,Singapore Airlines,4,142098,148021
962,Delta Air Lines,8,8028,7884
963,Thai AirAsia X,11,2723,2780
964,United Parcel Service,9,0,0
965,Emirates,5,74475,99269
966,Air New Zealand,8,1107,1319
967,Air Mauritius,11,2028,1786
968,Polar Air Cargo,10,0,0
969,Virgin Australia,2,1048,1104
970,Asiana Airlines,1,12432,14579
971,Qantas Airways,7,5401,5093
972,United Parcel Service,5,0,0
973,Qantas Airways,8,27904,28815
974,Qantas Airways,8,11299,11798
975,Air New Zealand,8,111986,113568
976,Jetstar,5,2019,2203
977,Federal Express Corporation,2,0,0
978,United Parcel Service,2,0,0
979,Air India,10,1959,2019
980,United Airlines,1,28760,25435
981,Virgin Australia,2,46575,48607
982,Qantas Airways,1,3008,2654
983,AirAsia X,12,46737,67575
984,Qatar Airways,6,45850,63993
985,Air Caledonie International,7,3969,4200
986,Emirates,10,126110,68829
987,Asiana Airlines,9,7379,7439
988,Jetstar,7,70276,70015
989,Delta Air Lines,6,8200,7692
990,Qantas Airways,10,6038,5829
991,Nauru Airlines,8,287,407
992,Qantas Airways,7,68885,63956
993,Federal Express Corporation,7,0,0
994,AirAsia X,8,44274,38451
995,Malaysia Airlines,3,42014,34760
996,Virgin Australia,6,11606,12173
997,Virgin Australia,12,11339,14295
998,LATAM Airlines,3,3196,3759
999,Malindo Air,12,7043,10243
1000,Japan Airlines,10,10712,10528
1001,Virgin Australia,11,1689,1697
1002,China Eastern Airlines,7,36012,29967
1003,Air Caledonie International,4,4965,4911
1004,United Parcel Service,4,0,0
1005,Etihad Airways,12,42759,50568
1006,United Parcel Service,6,0,0
1007,Batik Air Indonesia,2,1623,867
1008,United Parcel Service,5,0,0
1009,Jetstar,1,8635,8226
1010,Air New Zealand,7,119474,117020
1011,Malaysia Airlines,7,59214,46996
1012,Virgin Australia,12,61686,72491
1013,Virgin Australia,3,1744,1854
1014,Tianjin Airlines,8,1503,1369
1015,Nauru Airlines,12,634,351
1016,Nauru Airlines,9,535,358
1017,Cathay Pacific Airways,9,76582,78001
1018,Qantas Airways,6,6452,6489
1019,Qantas Airways,8,4023,3897
1020,Qantas Airways,9,4484,4562
1021,British Airways,7,2681,3783
1022,Qantas Airways,12,5629,5990
1023,Jetstar,11,17665,17742
1024,Emirates,12,8819,10626
1025,Qantas Airways,6,23898,24456
1026,Virgin Australia,11,57402,61983
1027,AirAsia X,4,44710,46104
1028,Donghai Airlines,11,153,176
1029,Qantas Airways,3,6574,5875
1030,Jetstar,4,1805,1960
1031,Malindo Air,7,10685,8351
1032,Philippine Airlines,7,15168,12367
1033,Jetstar,3,39195,38399
1034,Jetstar,12,22083,23824
1035,Jetstar,9,2282,1986
1036,Jetstar,12,61276,68221
1037,United Parcel Service,3,0,0
1038,Virgin Australia,7,23909,22996
1039,Hawaiian Airlines,4,9303,10179
1040,Air India,7,8395,6145
1041,Polar Air Cargo,8,0,0
1042,Solomon Airlines,11,1865,1693
1043,Emirates,11,0,0
1044,Samoa Airways,3,1145,937
1045,Virgin Australia,4,587,577
1046,Indonesia AirAsia,12,12272,13655
1047,Air Niugini,6,5862,6268
1048,Malindo Air,9,11752,12313
1049,Qantas Airways,10,6327,6077
1050,Air Niugini,2,5603,5382
1051,Polar Air Cargo,3,0,0
1052,Virgin Australia,1,25572,21811
1053,Fiji Airways,12,22285,26091
1054,Qantas Airways,5,44944,44691
1055,Air India,12,7794,8536
1056,Virgin Australia,2,1023,854
1057,Hainan Airlines,3,9704,8229
1058,SriLankan Airlines,10,8327,6576
1059,Virgin Australia,12,22922,23790
1060,Etihad Airways,7,55043,44185
1061,Qantas Airways,3,0,0
1062,Scoot Tigerair,10,34260,28980
1063,Singapore Airlines,4,2507,2139
1064,China Southern Airlines,9,42619,43593
1065,Virgin Australia,10,1299,1169
1066,Philippine Airlines,6,11523,12768
1067,Pacific Air Express,4,0,0
1068,British Airways,2,3460,2785
1069,Thai Airways International,6,28034,37011
1070,Air New Zealand,3,134914,125731
1071,Jetstar,5,14024,16315
1072,Emirates,1,0,0
1073,Qantas Airways,5,5795,5997
1074,Emirates,11,0,0
1075,Indonesia AirAsia,2,11632,9904
1076,China Airlines,5,12914,14138
1077,Qantas Airways,7,30966,24351
1078,Emirates,12,0,0
1079,Malaysia Airlines,5,0,0
1080,Qantas Airways,7,8124,6480
1081,Virgin Australia,12,10755,15430
1082,Virgin Australia,3,55988,49252
1083,Jetstar,4,2019,2193
1084,Qantas Airways,12,3372,2922
1085,Malindo Air,8,9559,8075
1086,Asiana Airlines,8,7976,8750
1087,Qantas Airways,10,2536,2189
1088,Air Mauritius,7,2458,2213
1089,Federal Express Corporation,2,0,0
1090,Jetstar,4,8780,8092
1091,Fiji Airways,8,19380,19425
1092,Jetstar,7,12797,12579
1093,Polar Air Cargo,4,0,0
1094,Jetstar,12,3141,3293
1095,Jetstar,1,10899,9761
1096,Federal Express Corporation,8,0,0
1097,Malindo Air,5,7943,5701
1098,Cathay Pacific Airways,10,90928,74833
1099,Garuda Indonesia,5,20888,19590
1100,Polar Air Cargo,12,0,0
1101,Xiamen Airlines,3,8815,7548
1102,SriLankan Airlines,6,7125,7438
1103,Etihad Airways,2,40683,30152
1104,Singapore Airlines,10,2710,1384
1105,United Parcel Service,6,0,0
1106,AirAsia X,3,40187,34638
1107,Royal Brunei Airlines,9,6569,7020
1108,United Parcel Service,12,0,0
1109,Garuda Indonesia,10,26896,24344
1110,Qatar Airways,3,31556,54388
1111,Cebu Pacific Air,7,13921,9935
1112,Pacific Air Express,8,0,0
1113,Qantas Airways,4,79692,79107
1114,Emirates,5,0,0
1115,Emirates,2,99003,70742
1116,Virgin Australia,8,2174,2306
1117,China Airlines,5,3278,3617
1118,Cathay Pacific Airways,8,74781,82218
1119,Singapore Airlines,5,136627,137834
1120,Air New Zealand,9,110746,114677
1121,Singapore Airlines,5,1787,1028
1122,Japan Airlines,1,10390,9835
1123,Polar Air Cargo,10,0,0
1124,Federal Express Corporation,3,0,0
1125,Royal Brunei Airlines,8,6667,7663
1126,Qantas Airways,1,16226,13287
1127,Air Mauritius,10,2434,2034
1128,Malindo Air,10,12205,11723
1129,All Nippon Airways,5,5089,5580
1130,Qantas Airways,12,44799,51256
1131,Air India,4,7901,7867
1132,Japan Airlines,9,8810,11070
1133,LATAM Airlines,9,5661,5605
1134,Silk Air,10,8325,7340
1135,Virgin Australia,7,13623,12592
1136,Jetstar,11,65514,63556
1137,Air Vanuatu,9,6496,7031
1138,United Airlines,7,21442,20299
1139,Jetstar,7,4314,3857
1140,Jetstar Asia,11,2874,2986
1141,Samoa Airways,9,1905,1871
1142,Polar Air Cargo,3,0,0
1143,Jetstar,4,38454,36431
1144,Donghai Airlines,4,282,209
1145,Hawaiian Airlines,11,8335,8716
1146,Virgin Australia,2,1356,1380
1147,Sichuan Airlines,1,5554,4557
1148,Qantas Airways,10,49387,41773
1149,Virgin Australia,5,1621,1647
1150,Virgin Australia,8,53221,55283
1151,LATAM Airlines,8,6076,5519
1152,Batik Air Indonesia,5,2971,2755
1153,Virgin Australia,7,58286,55161
1154,Jetstar,10,2609,1763
1155,Federal Express Corporation,6,0,0
1156,Jetstar Asia,7,4416,3236
1157,Pacific Air Express,7,0,0
1158,Hainan Airlines,6,7581,10579
1159,Royal Brunei Airlines,11,4718,5418
1160,Royal Brunei Airlines,3,3433,4515
1161,Emirates,11,7837,10453
1162,Asiana Airlines,10,8687,8099
1163,Virgin Australia,8,1186,1302
1164,Emirates,4,9386,8238
1165,Vietnam Airlines,8,15797,14496
1166,Emirates,7,0,0
1167,Air Niugini,1,6776,7716
1168,SriLankan Airlines,11,7475,7114
1169,Philippine Airlines,5,14407,11761
1170,China Eastern Airlines,5,32392,33800
1171,AirAsia X,7,66794,49450
1172,British Airways,11,4871,4322
1173,United Airlines,2,22724,19307
1174,Asiana Airlines,7,8837,7238
1175,Batik Air Indonesia,4,2796,2880
1176,Qantas Airways,9,12254,12547
1177,Jetstar,7,2724,2710
1178,Qantas Airways,5,27308,28774
1179,Emirates,4,9566,9289
1180,Malindo Air,9,8323,8123
1181,Korean Air,11,15114,14018
1182,Hawaiian Airlines,2,7893,6709
1183,United Parcel Service,7,0,0
1184,All Nippon Airways,10,11060,10267
1185,Polar Air Cargo,9,0,0
1186,Eva Air,3,4329,4600
1187,Air China,4,13555,14829
1188,Solomon Airlines,7,1995,1677
1189,Air Vanuatu,7,8231,7787
1190,British Airways,6,3274,2771
1191,China Eastern Airlines,8,33170,35479
1192,LATAM Airlines,3,7098,7454
1193,United Airlines,6,19449,20575
1194,Air China,10,12003,14687
1195,Jetstar,11,7745,7897
1196,British Airways,2,4162,4316
1197,Jetstar,7,37413,36916
1198,Emirates,6,0,0
1199,All Nippon Airways,6,4065,5090
1200,Nauru Airlines,7,281,264
1201,Samoa Airways,10,1947,1633
1202,Donghai Airlines,3,332,283
1203,Eva Air,10,5372,4514
1204,Virgin Australia,9,500,592
1205,China Eastern Airlines,4,31263,33201
1206,Air Vanuatu,10,7857,6745
1207,Virgin Australia,8,1634,1821
1208,Cebu Pacific Air,9,9941,9531
1209,Eva Air,5,4676,4312
1210,Federal Express Corporation,6,0,0
1211,Virgin Australia,8,9908,12309
1212,Singapore Airlines,1,2916,2084
1213,Virgin Australia,10,12445,12002
1214,Emirates,9,0,0
1215,Malindo Air,3,3309,5261
1216,United Parcel Service,3,0,0
1217,Qantas Airways,3,3478,3138
1218,Qantas Airways,3,0,0
1219,Nauru Airlines,7,633,366
1220,Korean Air,10,13023,11292
1221,Qantas Airways,3,11718,11553
1222,Jetstar,2,55424,52309
1223,Air New Zealand,2,118359,117934
1224,Virgin Australia,5,11258,11401
1225,Qantas Airways,4,4418,4149
1226,Emirates,2,11025,5220
1227,Qantas Airways,6,0,0
1228,Jetstar,5,64134,64190
1229,Singapore Airlines,6,136617,158855
1230,China Airlines,12,17172,26692
1231,Vietnam Airlines,3,17228,15146
1232,United Parcel Service,11,0,0
1233,Beijing Capital Airlines,7,5153,4297
1234,China Eastern Airlines,3,31185,29415
1235,Qantas Airways,7,18021,16663
1236,American Airlines,9,6800,7060
1237,Qantas Airways,7,4801,4464
1238,Federal Express Corporation,8,0,0
1239,Air Vanuatu,3,4079,3970
1240,United Parcel Service,9,0,0
1241,Virgin Australia,1,1199,1589
1242,United Parcel Service,6,0,0
1243,Jetstar,3,57931,58332
1244,Qantas Airways,9,14664,14275
1245,Garuda Indonesia,4,22656,26031
1246,Emirates,8,0,0
1247,Nauru Airlines,3,832,663
1248,Donghai Airlines,9,307,230
1249,Nauru Airlines,6,534,298
1250,Philippine Airlines,8,14040,12683
1251,Qantas Airways,2,2996,2734
1252,Virgin Australia,11,1418,1543
1253,Thai AirAsia X,6,392,686
1254,Jetstar,5,3068,2605
1255,Virgin Australia,12,1070,975
1256,Cebu Pacific Air,2,12811,8819
1257,Virgin Australia,6,14338,15265
1258,Cathay Pacific Airways,11,71012,74429
1259,United Airlines,5,20030,19763
1260,Philippine Airlines,9,12102,14166
1261,Qatar Airways,9,57628,57742
1262,United Parcel Service,8,0,0
1263,Xiamen Airlines,7,9744,7816
1264,Federal Express Corporation,10,0,0
1265,LATAM Airlines,1,6728,6351
1266,Korean Air,5,10774,11199
1267,Thai Airways International,4,32751,34645
1268,Qantas Airways,4,28220,27976
1269,Thai Airways International,3,29489,31079
1270,Hawaiian Airlines,8,7735,9730
1271,LATAM Airlines,9,2972,3177
1272,Qatar Airways,2,45766,39166
1273,Qantas Airways,7,13872,12307
1274,Emirates,1,140965,110427
1275,Qantas Airways,4,10751,12905
1276,Malindo Air,10,10133,7469
1277,Nauru Airlines,12,0,266
1278,Qantas Airways,9,25511,29357
1279,Qantas Airways,2,47182,38964
1280,Jetstar,10,19376,14768
1281,Polar Air Cargo,6,0,0
1282,Virgin Australia,10,1186,1113
1283,Jetstar,1,2445,2562
1284,Pacific Air Express,5,0,0
1285,Jetstar,6,12292,12522
1286,China Airlines,8,18922,20497
1287,Jetstar Asia,6,4033,4392
1288,Virgin Australia,4,2348,2449
1289,Malaysia Airlines,7,0,0
1290,Nauru Airlines,9,370,382
1291,Emirates,3,0,0
1292,Federal Express Corporation,12,0,0
1293,Virgin Australia,4,11163,11135
1294,Qantas Airways,10,4756,4034
1295,Qantas Airways,9,10530,11573
1296,Virgin Australia,10,10670,9026
1297,Air Mauritius,4,1755,2043
1298,Solomon Airlines,8,1828,1475
1299,Samoa Airways,5,1423,1268
1300,Eva Air,11,4054,4562
1301,Polar Air Cargo,7,0,0
1302,Virgin Australia,11,8085,8630
1303,Virgin Australia,7,14585,9143
1304,Virgin Australia,8,13966,13364
1305,United Parcel Service,2,0,0
1306,Qantas Airways,9,3028,3141
1307,Eva Air,4,4097,4317
1308,AirAsia X,10,50097,39247
1309,Virgin Australia,1,1385,1019
1310,All Nippon Airways,4,5420,5214
1311,Qantas Airways,12,24798,33109
1312,Scoot Tigerair,5,20786,19017
1313,Singapore Airlines,7,168522,145423
1314,Donghai Airlines,6,240,293
1315,All Nippon Airways,3,5742,6404
1316,Jetstar,11,32874,35277
1317,Qantas Airways,6,3124,3402
1318,Jetstar,9,3657,3848
1319,Korean Air,4,10198,11530
1320,Tasman Cargo Airlines,12,0,0
1321,China Southern Airlines,12,66008,74824
1322,Fiji Airways,11,22180,21109
1323,Jetstar,5,6452,6401
1324,Jetstar,2,23127,17818
1325,Malaysia Airlines,8,54222,48991
1326,Qantas Airways,1,6399,5701
1327,Qantas Airways,1,31025,29907
1328,Emirates,8,102482,114701
1329,Air Vanuatu,8,6484,5838
1330,All Nippon Airways,12,9365,11554
1331,China Southern Airlines,1,84428,73956
1332,Virgin Australia,6,9508,11737
1333,United Parcel Service,11,0,0
1334,Jetstar,2,2550,1770
1335,Batik Air Indonesia,7,5041,4489
1336,Virgin Australia,9,52761,58535
1337,United Parcel Service,8,0,0
1338,Beijing Capital Airlines,1,5028,4560
1339,Malindo Air,6,6859,8135
1340,Malaysia Airlines,2,45358,35630
1341,Cebu Pacific Air,5,12165,10027
1342,Qantas Airways,5,15530,14560
1343,Tasman Cargo Airlines,3,0,0
1344,Pacific Air Express,5,0,0
1345,LATAM Airlines,4,2786,3251
1346,Federal Express Corporation,11,0,0
1347,China Eastern Airlines,1,50330,41945
1348,Polar Air Cargo,3,0,0
1349,Virgin Australia,9,1842,1789
1350,Virgin Australia,2,6501,6089
1351,Qantas Airways,9,46292,45957
1352,Tianjin Airlines,1,5731,3680
1353,Qantas Airways,1,34120,27555
1354,Indonesia AirAsia,9,14296,14209
1355,Polar Air Cargo,12,0,0
1356,Air Mauritius,8,1751,1808
1357,Scoot Tigerair,11,34309,35686
1358,American Airlines,11,6976,6145
1359,Air New Zealand,1,143252,132684
1360,Polar Air Cargo,6,0,0
1361,Jetstar,9,13642,14381
1362,China Southern Airlines,5,45571,45594
1363,Jetstar,2,34319,35559
